customer_text,n
"Buenas tardes, necesito consultar el saldo de mi tarjeta de crédito.",51555
"Hola, buenos días. Quisiera saber cuál es mi saldo actual en mi cuenta de ahorros.",51189
"Buenas tardes, necesito consultar el saldo de mi tarjeta de crédito. Perfecto, eso es lo que necesitaba.",4393
"Hola, buenos días. Quisiera saber cuál es mi saldo actual en mi cuenta de ahorros. ¿Y eso cuánto tiempo tarda?",4365
"Buenas tardes, necesito consultar el saldo de mi tarjeta de crédito. Entiendo, muchas gracias.",4328
"Hola, buenos días. Quisiera saber cuál es mi saldo actual en mi cuenta de ahorros. Muy bien, ¿hay algo más que deba saber?",4315
"Buenas tardes, necesito consultar el saldo de mi tarjeta de crédito. ¿Y eso cuánto tiempo tarda?",4269
"Hola, buenos días. Quisiera saber cuál es mi saldo actual en mi cuenta de ahorros. Perfecto, eso es lo que necesitaba.",4258
"Buenas tardes, necesito consultar el saldo de mi tarjeta de crédito. Muy bien, ¿hay algo más que deba saber?",4207
"Hola, buenos días. Quisiera saber cuál es mi saldo actual en mi cuenta de ahorros. Entiendo, muchas gracias.",4172
"Buenas tardes, necesito consultar el saldo de mi tarjeta de crédito. Entiendo, muchas gracias. Entiendo, muchas gracias.",1130
"Buenas tardes, necesito consultar el saldo de mi tarjeta de crédito. ¿Y eso cuánto tiempo tarda? ¿Y eso cuánto tiempo tarda?",1130
"Buenas tardes, necesito consultar el saldo de mi tarjeta de crédito. Perfecto, eso es lo que necesitaba. Entiendo, muchas gracias.",1124
"Buenas tardes, necesito consultar el saldo de mi tarjeta de crédito. Entiendo, muchas gracias. ¿Y eso cuánto tiempo tarda?",1120
"Buenas tardes, necesito consultar el saldo de mi tarjeta de crédito. ¿Y eso cuánto tiempo tarda? Perfecto, eso es lo que necesitaba.",1114
"Hola, buenos días. Quisiera saber cuál es mi saldo actual en mi cuenta de ahorros. Muy bien, ¿hay algo más que deba saber? ¿Y eso cuánto tiempo tarda?",1112
"Hola, buenos días. Quisiera saber cuál es mi saldo actual en mi cuenta de ahorros. Muy bien, ¿hay algo más que deba saber? Entiendo, muchas gracias.",1106
"Hola, buenos días. Quisiera saber cuál es mi saldo actual en mi cuenta de ahorros. ¿Y eso cuánto tiempo tarda? Muy bien, ¿hay algo más que deba saber?",1105
"Buenas tardes, necesito consultar el saldo de mi tarjeta de crédito. Muy bien, ¿hay algo más que deba saber? ¿Y eso cuánto tiempo tarda?",1089
"Buenas tardes, necesito consultar el saldo de mi tarjeta de crédito. Entiendo, muchas gracias. Muy bien, ¿hay algo más que deba saber?",1085
"Hola, buenos días. Quisiera saber cuál es mi saldo actual en mi cuenta de ahorros. Perfecto, eso es lo que necesitaba. Entiendo, muchas gracias.",1084
"Hola, buenos días. Quisiera saber cuál es mi saldo actual en mi cuenta de ahorros. ¿Y eso cuánto tiempo tarda? ¿Y eso cuánto tiempo tarda?",1081
"Hola, buenos días. Quisiera saber cuál es mi saldo actual en mi cuenta de ahorros. Muy bien, ¿hay algo más que deba saber? Perfecto, eso es lo que necesitaba.",1080
"Buenas tardes, necesito consultar el saldo de mi tarjeta de crédito. ¿Y eso cuánto tiempo tarda? Entiendo, muchas gracias.",1079
"Buenas tardes, necesito consultar el saldo de mi tarjeta de crédito. Perfecto, eso es lo que necesitaba. ¿Y eso cuánto tiempo tarda?",1075
"Hola, buenos días. Quisiera saber cuál es mi saldo actual en mi cuenta de ahorros. Entiendo, muchas gracias. Entiendo, muchas gracias.",1074
"Hola, buenos días. Quisiera saber cuál es mi saldo actual en mi cuenta de ahorros. Perfecto, eso es lo que necesitaba. Muy bien, ¿hay algo más que deba saber?",1071
"Hola, buenos días. Quisiera saber cuál es mi saldo actual en mi cuenta de ahorros. Muy bien, ¿hay algo más que deba saber? Muy bien, ¿hay algo más que deba saber?",1067
"Hola, buenos días. Quisiera saber cuál es mi saldo actual en mi cuenta de ahorros. Perfecto, eso es lo que necesitaba. Perfecto, eso es lo que necesitaba.",1062
"Buenas tardes, necesito consultar el saldo de mi tarjeta de crédito. Entiendo, muchas gracias. Perfecto, eso es lo que necesitaba.",1061
"Hola, buenos días. Quisiera saber cuál es mi saldo actual en mi cuenta de ahorros. Perfecto, eso es lo que necesitaba. ¿Y eso cuánto tiempo tarda?",1059
"Hola, buenos días. Quisiera saber cuál es mi saldo actual en mi cuenta de ahorros. Entiendo, muchas gracias. Muy bien, ¿hay algo más que deba saber?",1059
"Buenas tardes, necesito consultar el saldo de mi tarjeta de crédito. Perfecto, eso es lo que necesitaba. Muy bien, ¿hay algo más que deba saber?",1058
"Buenas tardes, necesito consultar el saldo de mi tarjeta de crédito. Muy bien, ¿hay algo más que deba saber? Perfecto, eso es lo que necesitaba.",1053
"Hola, buenos días. Quisiera saber cuál es mi saldo actual en mi cuenta de ahorros. ¿Y eso cuánto tiempo tarda? Perfecto, eso es lo que necesitaba.",1051
"Hola, buenos días. Quisiera saber cuál es mi saldo actual en mi cuenta de ahorros. ¿Y eso cuánto tiempo tarda? Entiendo, muchas gracias.",1042
"Buenas tardes, necesito consultar el saldo de mi tarjeta de crédito. Muy bien, ¿hay algo más que deba saber? Muy bien, ¿hay algo más que deba saber?",1037
"Hola, buenos días. Quisiera saber cuál es mi saldo actual en mi cuenta de ahorros. Entiendo, muchas gracias. ¿Y eso cuánto tiempo tarda?",1031
"Hola, buenos días. Quisiera saber cuál es mi saldo actual en mi cuenta de ahorros. Entiendo, muchas gracias. Perfecto, eso es lo que necesitaba.",1028
"Buenas tardes, necesito consultar el saldo de mi tarjeta de crédito. Perfecto, eso es lo que necesitaba. Perfecto, eso es lo que necesitaba.",1020
"Buenas tardes, necesito consultar el saldo de mi tarjeta de crédito. Muy bien, ¿hay algo más que deba saber? Entiendo, muchas gracias.",1008
"Buenas tardes, necesito consultar el saldo de mi tarjeta de crédito. ¿Y eso cuánto tiempo tarda? Muy bien, ¿hay algo más que deba saber?",975
