date,country,reason_category,volume,fcr_rate,escalated,wait_p50_s,csat_avg
2025-06-01,Mexico,credit,155,0.6295,4,143,3.7
2025-06-01,Mexico,card,37,0.7452,35,78,3.04
2025-06-01,Mexico,payment,92,0.717,25,127,4.68
2025-06-01,Colombia,credit,287,0.5836,13,137,3.95
2025-06-01,Colombia,card,35,0.7038,1,180,4.47
2025-06-01,Colombia,payment,226,0.8604,11,43,3.28
2025-06-01,Argentina,credit,94,0.6109,8,219,4.32
2025-06-01,Argentina,card,23,0.5642,23,281,3.32
2025-06-01,Argentina,payment,89,0.8607,35,354,3.75
2025-06-02,Mexico,credit,296,0.8768,40,182,3.58
2025-06-02,Mexico,card,58,0.8744,8,111,3.62
2025-06-02,Mexico,payment,216,0.6896,14,384,3.25
2025-06-02,Colombia,credit,219,0.6043,29,297,3.89
2025-06-02,Colombia,card,84,0.6561,30,146,3.3
2025-06-02,Colombia,payment,271,0.599,38,48,4.08
2025-06-02,Argentina,credit,87,0.5035,24,317,3.68
2025-06-02,Argentina,card,102,0.8497,11,60,4.11
2025-06-02,Argentina,payment,262,0.7782,36,40,4.61
2025-06-03,Mexico,credit,220,0.6427,1,45,4.25
2025-06-03,Mexico,card,212,0.7345,40,258,4.59
2025-06-03,Mexico,payment,211,0.7269,4,139,3.76
2025-06-03,Colombia,credit,275,0.7323,7,268,3.68
2025-06-03,Colombia,card,157,0.5704,30,87,3.34
2025-06-03,Colombia,payment,228,0.5525,12,266,4.02
2025-06-03,Argentina,credit,224,0.8032,30,217,4.03
2025-06-03,Argentina,card,276,0.673,14,355,4.65
2025-06-03,Argentina,payment,245,0.7564,34,320,4.41
2025-06-04,Mexico,credit,285,0.7991,33,102,4.72
2025-06-04,Mexico,card,154,0.5342,39,322,4.65
2025-06-04,Mexico,payment,288,0.884,36,33,4.1
2025-06-04,Colombia,credit,161,0.7426,18,261,4.29
2025-06-04,Colombia,card,253,0.6444,13,366,3.99
2025-06-04,Colombia,payment,245,0.538,11,190,3.17
2025-06-04,Argentina,credit,225,0.7258,8,225,3.65
2025-06-04,Argentina,card,158,0.6539,37,69,4.23
2025-06-04,Argentina,payment,233,0.724,10,95,4.87
2025-06-05,Mexico,credit,85,0.7152,31,233,4.59
2025-06-05,Mexico,card,264,0.8735,22,175,4.56
2025-06-05,Mexico,payment,125,0.7006,39,136,3.54
2025-06-05,Colombia,credit,166,0.8312,35,115,3.76
2025-06-05,Colombia,card,39,0.7307,33,73,3.78
2025-06-05,Colombia,payment,52,0.8105,22,196,4.59
2025-06-05,Argentina,credit,41,0.8204,17,206,4.44
2025-06-05,Argentina,card,134,0.8966,39,102,4.29
2025-06-05,Argentina,payment,134,0.8896,33,107,4.18
2025-06-06,Mexico,credit,196,0.8803,40,252,4.83
2025-06-06,Mexico,card,271,0.5577,16,241,3.15
2025-06-06,Mexico,payment,177,0.6183,12,89,4.51
2025-06-06,Colombia,credit,182,0.5084,31,152,3.28
2025-06-06,Colombia,card,63,0.6854,38,376,3.54
2025-06-06,Colombia,payment,222,0.6739,4,148,4.96
2025-06-06,Argentina,credit,132,0.8461,7,335,4.99
2025-06-06,Argentina,card,47,0.5554,9,344,3.01
2025-06-06,Argentina,payment,247,0.8202,0,75,3.86
2025-06-07,Mexico,credit,298,0.6083,22,263,3.52
2025-06-07,Mexico,card,293,0.7566,30,390,4.56
2025-06-07,Mexico,payment,71,0.8551,36,80,3.8
2025-06-07,Colombia,credit,196,0.5491,27,60,4.08
2025-06-07,Colombia,card,174,0.6676,26,253,3.54
2025-06-07,Colombia,payment,96,0.8968,34,350,4.87
2025-06-07,Argentina,credit,131,0.6176,15,42,4.12
2025-06-07,Argentina,card,176,0.6034,6,340,4.14
2025-06-07,Argentina,payment,154,0.5976,27,54,4.79
