customer_id,country,segment,credit_score,estimated_monthly_income,customer_status,registration_date,detected_accent,_ingested_at
TEST-CO-001,Colombia,premium,780,9500000,Active,2021-03-01T00:00:00,,2025-06-30T00:00:00
TEST-MX-002,Mexico,standard,650,18000,Active,2021-03-01T00:00:00,,2025-06-30T00:00:00
TEST-AR-003,Argentina,standard,590,900000,Active,2021-03-01T00:00:00,,2025-06-30T00:00:00
TEST-CO-004,Colombia,premium,760,8200000,Active,2021-03-01T00:00:00,,2025-06-30T00:00:00
TEST-MX-005,Mexico,basic,700,15000,Active,2021-03-01T00:00:00,,2025-06-30T00:00:00
CAR-1000,Argentina,basic,600,3000000,Inactive,2023-01-15T00:00:00,,2025-06-30T00:00:00
CMX-1001,Mexico,premium,790,25000,Active,2018-07-15T00:00:00,,2025-06-30T00:00:00
CAR-1002,Argentina,basic,560,25000,Active,2024-08-15T00:00:00,,2025-06-30T00:00:00
CMX-1003,Mexico,premium,480,12000,Active,2023-09-15T00:00:00,,2025-06-30T00:00:00
CAR-1004,Argentina,basic,760,6000000,Suspended,2020-06-15T00:00:00,,2025-06-30T00:00:00
CCO-1005,Colombia,premium,590,12000,Active,2018-07-15T00:00:00,,2025-06-30T00:00:00
CMX-1006,Mexico,basic,510,25000,Suspended,2023-01-15T00:00:00,,2025-06-30T00:00:00
CMX-1007,Mexico,standard,520,1500000,Suspended,2020-02-15T00:00:00,,2025-06-30T00:00:00
CCO-1008,Colombia,premium,760,6000000,Active,2015-06-15T00:00:00,,2025-06-30T00:00:00
CMX-1009,Mexico,basic,640,40000,Inactive,2021-06-15T00:00:00,,2025-06-30T00:00:00
CAR-1010,Argentina,standard,490,12000,Active,2024-01-15T00:00:00,,2025-06-30T00:00:00
CAR-1011,Argentina,premium,770,12000,Inactive,2017-01-15T00:00:00,,2025-06-30T00:00:00
CMX-1012,Mexico,standard,740,25000,Active,2019-03-15T00:00:00,,2025-06-30T00:00:00
CAR-1013,Argentina,basic,480,1500000,Active,2023-01-15T00:00:00,,2025-06-30T00:00:00
CCO-1014,Colombia,premium,820,900000,Active,2015-02-15T00:00:00,,2025-06-30T00:00:00
CCO-1015,Colombia,basic,660,25000,Active,2024-09-15T00:00:00,,2025-06-30T00:00:00
CAR-1016,Argentina,standard,520,6000000,Active,2017-01-15T00:00:00,,2025-06-30T00:00:00
CCO-1017,Colombia,basic,670,12000,Active,2019-06-15T00:00:00,,2025-06-30T00:00:00
CMX-1018,Mexico,premium,780,25000,Active,2023-02-15T00:00:00,,2025-06-30T00:00:00
CMX-1019,Mexico,basic,530,25000,Suspended,2017-01-15T00:00:00,,2025-06-30T00:00:00
CMX-1020,Mexico,premium,500,12000,Active,2022-09-15T00:00:00,,2025-06-30T00:00:00
CAR-1021,Argentina,premium,600,40000,Active,2018-01-15T00:00:00,,2025-06-30T00:00:00
CCO-1022,Colombia,standard,730,25000,Suspended,2022-08-15T00:00:00,,2025-06-30T00:00:00
CCO-1023,Colombia,premium,650,1500000,Inactive,2022-01-15T00:00:00,,2025-06-30T00:00:00
CMX-1024,Mexico,basic,660,25000,Inactive,2019-04-15T00:00:00,,2025-06-30T00:00:00
CAR-1025,Argentina,premium,730,900000,Inactive,2015-06-15T00:00:00,,2025-06-30T00:00:00
CCO-1026,Colombia,basic,,1500000,Suspended,2016-01-15T00:00:00,,2025-06-30T00:00:00
CMX-1027,Mexico,standard,520,1500000,Active,2016-08-15T00:00:00,,2025-06-30T00:00:00
CAR-1028,Argentina,basic,730,40000,Inactive,2019-02-15T00:00:00,,2025-06-30T00:00:00
CAR-1029,Argentina,basic,700,1500000,Active,2018-05-15T00:00:00,,2025-06-30T00:00:00
CCO-1030,Colombia,premium,610,900000,Inactive,2020-03-15T00:00:00,,2025-06-30T00:00:00
CAR-1031,Argentina,premium,760,12000,Active,2022-05-15T00:00:00,,2025-06-30T00:00:00
CAR-1032,Argentina,standard,770,25000,Active,2016-05-15T00:00:00,,2025-06-30T00:00:00
CAR-1033,Argentina,premium,590,1500000,Active,2016-05-15T00:00:00,,2025-06-30T00:00:00
CAR-1034,Argentina,standard,540,25000,Active,2024-07-15T00:00:00,,2025-06-30T00:00:00
CAR-1035,Argentina,basic,640,25000,Active,2024-03-15T00:00:00,,2025-06-30T00:00:00
CCO-1036,Colombia,standard,510,3000000,Suspended,2023-01-15T00:00:00,,2025-06-30T00:00:00
CAR-1037,Argentina,premium,700,900000,Active,2023-06-15T00:00:00,,2025-06-30T00:00:00
CAR-1038,Argentina,premium,480,900000,Active,2021-01-15T00:00:00,,2025-06-30T00:00:00
CMX-1039,Mexico,premium,690,40000,Active,2024-03-15T00:00:00,,2025-06-30T00:00:00
CAR-1040,Argentina,premium,790,40000,Active,2023-02-15T00:00:00,,2025-06-30T00:00:00
CMX-1041,Mexico,premium,770,3000000,Active,2017-09-15T00:00:00,,2025-06-30T00:00:00
CCO-1042,Colombia,standard,500,900000,Active,2021-05-15T00:00:00,,2025-06-30T00:00:00
CAR-1043,Argentina,basic,500,3000000,Active,2017-04-15T00:00:00,,2025-06-30T00:00:00
CCO-1044,Colombia,premium,480,40000,Suspended,2022-02-15T00:00:00,,2025-06-30T00:00:00
