product_id,customer_id,product_type,currency,current_balance,credit_limit,days_past_due,product_status,_ingested_at
P00001,TEST-CO-001,credit_card,COP,44302.91,94549.16,0,Active,2025-06-30T00:00:00
P00002,TEST-CO-001,credit_card,COP,32162.48,63290.29,0,Active,2025-06-30T00:00:00
P00003,TEST-MX-002,credit_card,MXN,14313.41,79432.76,0,Active,2025-06-30T00:00:00
P00004,TEST-AR-003,credit_card,ARS,24395.41,85906.79,45,Active,2025-06-30T00:00:00
P00005,TEST-AR-003,payroll_loan,ARS,47698.32,16614.07,0,Active,2025-06-30T00:00:00
P00006,TEST-AR-003,credit_card,ARS,19946.68,73549.23,0,Active,2025-06-30T00:00:00
P00007,TEST-CO-004,personal_loan,COP,23865.25,32244.76,0,Active,2025-06-30T00:00:00
P00008,TEST-MX-005,credit_card,MXN,17050.31,16452.15,0,Active,2025-06-30T00:00:00
P00009,CAR-1000,personal_loan,ARS,25717.49,56989.47,0,Active,2025-06-30T00:00:00
P00010,CAR-1000,personal_loan,ARS,49077.28,69923.42,0,Active,2025-06-30T00:00:00
P00011,CAR-1000,personal_loan,ARS,19007.41,115205.39,0,Active,2025-06-30T00:00:00
P00012,CAR-1002,personal_loan,ARS,49199.46,18935.88,0,Active,2025-06-30T00:00:00
P00013,CAR-1002,credit_card,ARS,45383.44,73006.34,0,Active,2025-06-30T00:00:00
P00014,CAR-1004,credit_card,ARS,18043.02,58955.19,90,Active,2025-06-30T00:00:00
P00015,CAR-1004,credit_card,ARS,44236.46,43159.51,0,Active,2025-06-30T00:00:00
P00016,CAR-1004,payroll_loan,ARS,7874.66,101908.17,0,Active,2025-06-30T00:00:00
P00017,CCO-1005,personal_loan,COP,40040.94,106569.93,0,Active,2025-06-30T00:00:00
P00018,CMX-1006,credit_card,MXN,11746.7,88006.7,0,Active,2025-06-30T00:00:00
P00019,CMX-1006,payroll_loan,MXN,20893.25,109974.49,0,Active,2025-06-30T00:00:00
P00020,CMX-1006,personal_loan,MXN,37698.02,66517.36,0,Active,2025-06-30T00:00:00
P00021,CCO-1008,personal_loan,COP,32607.21,12632.79,0,Active,2025-06-30T00:00:00
P00022,CMX-1009,credit_card,MXN,39354.72,42800.13,20,Active,2025-06-30T00:00:00
P00023,CMX-1009,personal_loan,MXN,28448.36,115430.82,0,Active,2025-06-30T00:00:00
P00024,CMX-1009,payroll_loan,MXN,14891.8,83731.03,0,Active,2025-06-30T00:00:00
P00025,CAR-1011,personal_loan,ARS,33810.09,22248.94,0,Active,2025-06-30T00:00:00
P00026,CAR-1011,payroll_loan,ARS,3.0,16698.84,0,Active,2025-06-30T00:00:00
P00027,CAR-1011,credit_card,ARS,17287.66,38607.2,0,Active,2025-06-30T00:00:00
P00028,CAR-1013,payroll_loan,ARS,47057.86,48912.29,0,Active,2025-06-30T00:00:00
P00029,CAR-1013,credit_card,ARS,23515.12,59606.54,0,Active,2025-06-30T00:00:00
P00030,CAR-1013,personal_loan,ARS,10689.59,22458.54,0,Active,2025-06-30T00:00:00
P00031,CCO-1014,credit_card,COP,12022.86,11069.84,0,Active,2025-06-30T00:00:00
P00032,CCO-1015,personal_loan,COP,18242.68,57534.56,0,Active,2025-06-30T00:00:00
P00033,CCO-1015,payroll_loan,COP,26365.21,24605.12,0,Active,2025-06-30T00:00:00
P00034,CCO-1015,payroll_loan,COP,7209.94,112089.41,0,Active,2025-06-30T00:00:00
P00035,CAR-1016,personal_loan,ARS,33738.54,113186.9,0,Active,2025-06-30T00:00:00
P00036,CCO-1017,personal_loan,COP,16565.27,32177.58,0,Active,2025-06-30T00:00:00
P00037,CCO-1017,personal_loan,COP,43536.24,109845.42,0,Active,2025-06-30T00:00:00
P00038,CCO-1017,credit_card,COP,23819.43,65243.92,0,Active,2025-06-30T00:00:00
P00039,CMX-1019,credit_card,MXN,14195.4,80477.23,45,Active,2025-06-30T00:00:00
P00040,CMX-1020,payroll_loan,MXN,15853.29,59035.3,0,Active,2025-06-30T00:00:00
P00041,CMX-1020,personal_loan,MXN,16050.93,96861.32,0,Active,2025-06-30T00:00:00
P00042,CMX-1020,payroll_loan,MXN,9193.15,31187.08,0,Active,2025-06-30T00:00:00
P00043,CCO-1022,credit_card,COP,15233.53,73894.99,0,Active,2025-06-30T00:00:00
P00044,CCO-1022,credit_card,COP,11041.79,47744.13,0,Active,2025-06-30T00:00:00
P00045,CCO-1023,payroll_loan,COP,34481.47,97425.2,0,Active,2025-06-30T00:00:00
P00046,CCO-1023,payroll_loan,COP,33322.58,63328.71,0,Active,2025-06-30T00:00:00
P00047,CCO-1023,payroll_loan,COP,18506.35,62532.19,0,Active,2025-06-30T00:00:00
P00048,CMX-1024,payroll_loan,MXN,31491.57,21478.19,0,Active,2025-06-30T00:00:00
P00049,CMX-1024,personal_loan,MXN,10644.04,110724.24,0,Active,2025-06-30T00:00:00
P00050,CAR-1025,payroll_loan,ARS,32356.52,113703.68,0,Active,2025-06-30T00:00:00
P00051,CAR-1025,credit_card,ARS,24164.19,78850.21,0,Active,2025-06-30T00:00:00
P00052,CAR-1025,payroll_loan,ARS,17147.12,62743.45,0,Active,2025-06-30T00:00:00
P00053,CMX-1027,payroll_loan,MXN,36798.91,89524.93,0,Active,2025-06-30T00:00:00
P00054,CMX-1027,credit_card,MXN,26683.81,31665.49,0,Active,2025-06-30T00:00:00
P00055,CMX-1027,personal_loan,MXN,4937.21,24206.57,0,Active,2025-06-30T00:00:00
P00056,CAR-1028,credit_card,ARS,40143.47,106591.29,90,Active,2025-06-30T00:00:00
P00057,CAR-1028,credit_card,ARS,11865.64,87717.54,0,Active,2025-06-30T00:00:00
P00058,CAR-1028,payroll_loan,ARS,44706.17,104847.13,0,Active,2025-06-30T00:00:00
P00059,CAR-1031,credit_card,ARS,10500.54,53918.32,0,Active,2025-06-30T00:00:00
P00060,CAR-1031,credit_card,ARS,31216.75,93719.77,0,Active,2025-06-30T00:00:00
P00061,CAR-1031,credit_card,ARS,1907.82,22508.75,0,Active,2025-06-30T00:00:00
P00062,CAR-1032,credit_card,ARS,2316.38,57940.22,0,Active,2025-06-30T00:00:00
P00063,CAR-1033,personal_loan,ARS,35586.44,97996.91,90,Active,2025-06-30T00:00:00
P00064,CAR-1034,personal_loan,ARS,4109.23,51813.71,5,Active,2025-06-30T00:00:00
P00065,CAR-1034,payroll_loan,ARS,7259.95,73010.62,0,Active,2025-06-30T00:00:00
P00066,CAR-1034,credit_card,ARS,30161.42,52280.0,0,Active,2025-06-30T00:00:00
P00067,CAR-1035,payroll_loan,ARS,3394.66,57266.61,20,Active,2025-06-30T00:00:00
P00068,CAR-1035,credit_card,ARS,45975.45,97515.48,0,Active,2025-06-30T00:00:00
P00069,CAR-1035,credit_card,ARS,22303.82,46158.97,0,Active,2025-06-30T00:00:00
P00070,CCO-1036,payroll_loan,COP,19223.36,84046.39,0,Active,2025-06-30T00:00:00
P00071,CAR-1037,payroll_loan,ARS,28863.38,38987.16,45,Active,2025-06-30T00:00:00
P00072,CAR-1037,payroll_loan,ARS,38348.97,31830.28,0,Active,2025-06-30T00:00:00
P00073,CAR-1038,payroll_loan,ARS,41823.0,60664.53,0,Active,2025-06-30T00:00:00
P00074,CAR-1038,payroll_loan,ARS,261.3,113716.89,0,Active,2025-06-30T00:00:00
P00075,CMX-1041,payroll_loan,MXN,38683.23,34871.18,0,Active,2025-06-30T00:00:00
P00076,CMX-1041,personal_loan,MXN,42523.94,80358.69,0,Active,2025-06-30T00:00:00
P00077,CMX-1041,payroll_loan,MXN,30956.17,54591.14,0,Active,2025-06-30T00:00:00
P00078,CCO-1042,personal_loan,COP,43248.83,41213.17,5,Active,2025-06-30T00:00:00
P00079,CCO-1042,credit_card,COP,30406.33,59947.75,0,Active,2025-06-30T00:00:00
P00080,CCO-1042,credit_card,COP,16194.54,109692.96,0,Active,2025-06-30T00:00:00
P00081,CAR-1043,personal_loan,ARS,29851.97,52695.18,0,Active,2025-06-30T00:00:00
P00082,CCO-1044,personal_loan,COP,38052.15,80792.04,0,Active,2025-06-30T00:00:00
P00083,CCO-1044,payroll_loan,COP,9693.54,117056.93,0,Active,2025-06-30T00:00:00
