customer_id,n_tx,amount_usd_12m,declined_ratio,max_days_past_due,active_months,_ingested_at
TEST-CO-001,147,25042.42,0.0947,0,12,2025-06-30T00:00:00
TEST-MX-002,321,16105.37,0.2785,0,4,2025-06-30T00:00:00
TEST-AR-003,343,5495.18,0.1973,45,9,2025-06-30T00:00:00
TEST-CO-004,43,18262.45,0.2667,0,3,2025-06-30T00:00:00
TEST-MX-005,366,21046.05,0.0763,0,12,2025-06-30T00:00:00
CAR-1000,278,1734.81,0.2128,0,5,2025-06-30T00:00:00
CMX-1001,96,10965.55,0.1224,0,4,2025-06-30T00:00:00
CAR-1002,39,13940.06,0.0011,0,0,2025-06-30T00:00:00
CMX-1003,277,18766.75,0.0357,0,12,2025-06-30T00:00:00
CAR-1004,255,17840.14,0.1865,90,1,2025-06-30T00:00:00
CCO-1005,46,21339.92,0.2131,0,12,2025-06-30T00:00:00
CMX-1006,341,6991.13,0.088,0,1,2025-06-30T00:00:00
CMX-1007,146,26173.59,0.2525,0,1,2025-06-30T00:00:00
CCO-1008,75,17501.29,0.0461,0,10,2025-06-30T00:00:00
CMX-1009,280,28050.39,0.06,20,3,2025-06-30T00:00:00
CAR-1010,286,8572.54,0.0213,20,8,2025-06-30T00:00:00
CAR-1011,149,397.75,0.2927,0,6,2025-06-30T00:00:00
CMX-1012,298,8475.83,0.1288,0,5,2025-06-30T00:00:00
CAR-1013,134,26386.07,0.1434,0,9,2025-06-30T00:00:00
CCO-1014,65,1484.0,0.2041,0,8,2025-06-30T00:00:00
CCO-1015,137,22168.63,0.0937,0,12,2025-06-30T00:00:00
CAR-1016,173,29266.66,0.2555,0,6,2025-06-30T00:00:00
CCO-1017,187,2045.34,0.2534,0,4,2025-06-30T00:00:00
CMX-1018,259,26733.81,0.0228,0,0,2025-06-30T00:00:00
CMX-1019,98,16256.47,0.2364,45,0,2025-06-30T00:00:00
CMX-1020,176,29075.48,0.2869,0,5,2025-06-30T00:00:00
CAR-1021,346,11255.98,0.2147,20,1,2025-06-30T00:00:00
CCO-1022,381,24974.91,0.2372,0,1,2025-06-30T00:00:00
CCO-1023,325,21357.29,0.0844,0,4,2025-06-30T00:00:00
CMX-1024,177,29312.61,0.1341,0,11,2025-06-30T00:00:00
CAR-1025,135,28896.61,0.1324,0,2,2025-06-30T00:00:00
CCO-1026,68,13650.31,0.0391,0,9,2025-06-30T00:00:00
CMX-1027,118,26461.41,0.1232,0,7,2025-06-30T00:00:00
CAR-1028,189,1515.2,0.0509,90,7,2025-06-30T00:00:00
CAR-1029,31,15974.96,0.2667,0,11,2025-06-30T00:00:00
CCO-1030,233,5431.93,0.119,5,2,2025-06-30T00:00:00
CAR-1031,376,22668.81,0.1399,0,3,2025-06-30T00:00:00
CAR-1032,79,15087.46,0.0414,0,3,2025-06-30T00:00:00
CAR-1033,245,12084.77,0.2371,90,10,2025-06-30T00:00:00
CAR-1034,151,29590.57,0.1033,5,0,2025-06-30T00:00:00
CAR-1035,203,28935.47,0.0962,20,6,2025-06-30T00:00:00
CCO-1036,178,6199.09,0.1385,0,7,2025-06-30T00:00:00
CAR-1037,182,25158.62,0.2794,45,8,2025-06-30T00:00:00
CAR-1038,337,12021.69,0.1959,0,5,2025-06-30T00:00:00
CMX-1039,324,23379.85,0.255,20,5,2025-06-30T00:00:00
CAR-1040,16,11525.43,0.1202,0,7,2025-06-30T00:00:00
CMX-1041,22,10686.97,0.2835,0,2,2025-06-30T00:00:00
CCO-1042,236,17870.68,0.2549,5,0,2025-06-30T00:00:00
CAR-1043,30,13727.8,0.0262,0,11,2025-06-30T00:00:00
CCO-1044,360,2753.33,0.2424,0,2,2025-06-30T00:00:00
