customer_text,intent_label,action_label,label_source,rule
"Buenas tardes, necesito consultar el saldo de mi tarjeta de crédito.",out_of_scope,clarify,manual,"override:Buenas tardes, necesito consultar el sal…"
"Hola, buenos días. Quisiera saber cuál es mi saldo actual en mi cuenta de ahorros.",out_of_scope,clarify,manual,"override:Hola, buenos días. Quisiera saber cuál e…"
"Buenas tardes, necesito consultar el saldo de mi tarjeta de crédito. Perfecto, eso es lo que necesitaba.",out_of_scope,clarify,manual,"override:Buenas tardes, necesito consultar el sal…"
"Hola, buenos días. Quisiera saber cuál es mi saldo actual en mi cuenta de ahorros. ¿Y eso cuánto tiempo tarda?",out_of_scope,clarify,manual,"override:Hola, buenos días. Quisiera saber cuál e…"
"Buenas tardes, necesito consultar el saldo de mi tarjeta de crédito. Entiendo, muchas gracias.",out_of_scope,clarify,manual,"override:Buenas tardes, necesito consultar el sal…"
"Hola, buenos días. Quisiera saber cuál es mi saldo actual en mi cuenta de ahorros. Muy bien, ¿hay algo más que deba saber?",out_of_scope,clarify,manual,"override:Hola, buenos días. Quisiera saber cuál e…"
"Buenas tardes, necesito consultar el saldo de mi tarjeta de crédito. ¿Y eso cuánto tiempo tarda?",out_of_scope,clarify,manual,"override:Buenas tardes, necesito consultar el sal…"
"Hola, buenos días. Quisiera saber cuál es mi saldo actual en mi cuenta de ahorros. Perfecto, eso es lo que necesitaba.",out_of_scope,clarify,manual,"override:Hola, buenos días. Quisiera saber cuál e…"
"Buenas tardes, necesito consultar el saldo de mi tarjeta de crédito. Muy bien, ¿hay algo más que deba saber?",out_of_scope,clarify,manual,"override:Buenas tardes, necesito consultar el sal…"
"Hola, buenos días. Quisiera saber cuál es mi saldo actual en mi cuenta de ahorros. Entiendo, muchas gracias.",out_of_scope,clarify,manual,"override:Hola, buenos días. Quisiera saber cuál e…"
"Buenas tardes, necesito consultar el saldo de mi tarjeta de crédito. Entiendo, muchas gracias. Entiendo, muchas gracias.",out_of_scope,clarify,manual,"override:Buenas tardes, necesito consultar el sal…"
"Buenas tardes, necesito consultar el saldo de mi tarjeta de crédito. ¿Y eso cuánto tiempo tarda? ¿Y eso cuánto tiempo tarda?",out_of_scope,clarify,manual,"override:Buenas tardes, necesito consultar el sal…"
"Buenas tardes, necesito consultar el saldo de mi tarjeta de crédito. Perfecto, eso es lo que necesitaba. Entiendo, muchas gracias.",out_of_scope,clarify,manual,"override:Buenas tardes, necesito consultar el sal…"
"Buenas tardes, necesito consultar el saldo de mi tarjeta de crédito. Entiendo, muchas gracias. ¿Y eso cuánto tiempo tarda?",out_of_scope,clarify,manual,"override:Buenas tardes, necesito consultar el sal…"
"Buenas tardes, necesito consultar el saldo de mi tarjeta de crédito. ¿Y eso cuánto tiempo tarda? Perfecto, eso es lo que necesitaba.",out_of_scope,clarify,manual,"override:Buenas tardes, necesito consultar el sal…"
"Hola, buenos días. Quisiera saber cuál es mi saldo actual en mi cuenta de ahorros. Muy bien, ¿hay algo más que deba saber? ¿Y eso cuánto tiempo tarda?",out_of_scope,clarify,manual,"override:Hola, buenos días. Quisiera saber cuál e…"
"Hola, buenos días. Quisiera saber cuál es mi saldo actual en mi cuenta de ahorros. Muy bien, ¿hay algo más que deba saber? Entiendo, muchas gracias.",out_of_scope,clarify,manual,"override:Hola, buenos días. Quisiera saber cuál e…"
"Hola, buenos días. Quisiera saber cuál es mi saldo actual en mi cuenta de ahorros. ¿Y eso cuánto tiempo tarda? Muy bien, ¿hay algo más que deba saber?",out_of_scope,clarify,manual,"override:Hola, buenos días. Quisiera saber cuál e…"
"Buenas tardes, necesito consultar el saldo de mi tarjeta de crédito. Muy bien, ¿hay algo más que deba saber? ¿Y eso cuánto tiempo tarda?",out_of_scope,clarify,manual,"override:Buenas tardes, necesito consultar el sal…"
"Buenas tardes, necesito consultar el saldo de mi tarjeta de crédito. Entiendo, muchas gracias. Muy bien, ¿hay algo más que deba saber?",out_of_scope,clarify,manual,"override:Buenas tardes, necesito consultar el sal…"
"Hola, buenos días. Quisiera saber cuál es mi saldo actual en mi cuenta de ahorros. Perfecto, eso es lo que necesitaba. Entiendo, muchas gracias.",out_of_scope,clarify,manual,"override:Hola, buenos días. Quisiera saber cuál e…"
"Hola, buenos días. Quisiera saber cuál es mi saldo actual en mi cuenta de ahorros. ¿Y eso cuánto tiempo tarda? ¿Y eso cuánto tiempo tarda?",out_of_scope,clarify,manual,"override:Hola, buenos días. Quisiera saber cuál e…"
"Hola, buenos días. Quisiera saber cuál es mi saldo actual en mi cuenta de ahorros. Muy bien, ¿hay algo más que deba saber? Perfecto, eso es lo que necesitaba.",out_of_scope,clarify,manual,"override:Hola, buenos días. Quisiera saber cuál e…"
"Buenas tardes, necesito consultar el saldo de mi tarjeta de crédito. ¿Y eso cuánto tiempo tarda? Entiendo, muchas gracias.",out_of_scope,clarify,manual,"override:Buenas tardes, necesito consultar el sal…"
"Buenas tardes, necesito consultar el saldo de mi tarjeta de crédito. Perfecto, eso es lo que necesitaba. ¿Y eso cuánto tiempo tarda?",out_of_scope,clarify,manual,"override:Buenas tardes, necesito consultar el sal…"
"Hola, buenos días. Quisiera saber cuál es mi saldo actual en mi cuenta de ahorros. Entiendo, muchas gracias. Entiendo, muchas gracias.",out_of_scope,clarify,manual,"override:Hola, buenos días. Quisiera saber cuál e…"
"Hola, buenos días. Quisiera saber cuál es mi saldo actual en mi cuenta de ahorros. Perfecto, eso es lo que necesitaba. Muy bien, ¿hay algo más que deba saber?",out_of_scope,clarify,manual,"override:Hola, buenos días. Quisiera saber cuál e…"
"Hola, buenos días. Quisiera saber cuál es mi saldo actual en mi cuenta de ahorros. Muy bien, ¿hay algo más que deba saber? Muy bien, ¿hay algo más que deba saber?",out_of_scope,clarify,manual,"override:Hola, buenos días. Quisiera saber cuál e…"
"Hola, buenos días. Quisiera saber cuál es mi saldo actual en mi cuenta de ahorros. Perfecto, eso es lo que necesitaba. Perfecto, eso es lo que necesitaba.",out_of_scope,clarify,manual,"override:Hola, buenos días. Quisiera saber cuál e…"
"Buenas tardes, necesito consultar el saldo de mi tarjeta de crédito. Entiendo, muchas gracias. Perfecto, eso es lo que necesitaba.",out_of_scope,clarify,manual,"override:Buenas tardes, necesito consultar el sal…"
"Hola, buenos días. Quisiera saber cuál es mi saldo actual en mi cuenta de ahorros. Perfecto, eso es lo que necesitaba. ¿Y eso cuánto tiempo tarda?",out_of_scope,clarify,manual,"override:Hola, buenos días. Quisiera saber cuál e…"
"Hola, buenos días. Quisiera saber cuál es mi saldo actual en mi cuenta de ahorros. Entiendo, muchas gracias. Muy bien, ¿hay algo más que deba saber?",out_of_scope,clarify,manual,"override:Hola, buenos días. Quisiera saber cuál e…"
"Buenas tardes, necesito consultar el saldo de mi tarjeta de crédito. Perfecto, eso es lo que necesitaba. Muy bien, ¿hay algo más que deba saber?",out_of_scope,clarify,manual,"override:Buenas tardes, necesito consultar el sal…"
"Buenas tardes, necesito consultar el saldo de mi tarjeta de crédito. Muy bien, ¿hay algo más que deba saber? Perfecto, eso es lo que necesitaba.",out_of_scope,clarify,manual,"override:Buenas tardes, necesito consultar el sal…"
"Hola, buenos días. Quisiera saber cuál es mi saldo actual en mi cuenta de ahorros. ¿Y eso cuánto tiempo tarda? Perfecto, eso es lo que necesitaba.",out_of_scope,clarify,manual,"override:Hola, buenos días. Quisiera saber cuál e…"
"Hola, buenos días. Quisiera saber cuál es mi saldo actual en mi cuenta de ahorros. ¿Y eso cuánto tiempo tarda? Entiendo, muchas gracias.",out_of_scope,clarify,manual,"override:Hola, buenos días. Quisiera saber cuál e…"
"Buenas tardes, necesito consultar el saldo de mi tarjeta de crédito. Muy bien, ¿hay algo más que deba saber? Muy bien, ¿hay algo más que deba saber?",out_of_scope,clarify,manual,"override:Buenas tardes, necesito consultar el sal…"
"Hola, buenos días. Quisiera saber cuál es mi saldo actual en mi cuenta de ahorros. Entiendo, muchas gracias. ¿Y eso cuánto tiempo tarda?",out_of_scope,clarify,manual,"override:Hola, buenos días. Quisiera saber cuál e…"
"Hola, buenos días. Quisiera saber cuál es mi saldo actual en mi cuenta de ahorros. Entiendo, muchas gracias. Perfecto, eso es lo que necesitaba.",out_of_scope,clarify,manual,"override:Hola, buenos días. Quisiera saber cuál e…"
"Buenas tardes, necesito consultar el saldo de mi tarjeta de crédito. Perfecto, eso es lo que necesitaba. Perfecto, eso es lo que necesitaba.",out_of_scope,clarify,manual,"override:Buenas tardes, necesito consultar el sal…"
"Buenas tardes, necesito consultar el saldo de mi tarjeta de crédito. Muy bien, ¿hay algo más que deba saber? Entiendo, muchas gracias.",out_of_scope,clarify,manual,"override:Buenas tardes, necesito consultar el sal…"
"Buenas tardes, necesito consultar el saldo de mi tarjeta de crédito. ¿Y eso cuánto tiempo tarda? Muy bien, ¿hay algo más que deba saber?",out_of_scope,clarify,manual,"override:Buenas tardes, necesito consultar el sal…"
